"Id","RemoteUrl","LocalPath","Bytes"
"1","https://anyun.online/wp-content/uploads/2025/04/指南针.png","/static/img/sites/site-0001.png","5253"
"3","https://anyun.online/wp-content/uploads/2025/04/购物车满.png","/static/img/sites/site-0003.png","4727"
"4","https://anyun.online/wp-content/uploads/2025/04/购物篮.png","/static/img/sites/site-0004.png","4850"
"5","https://anyun.online/wp-content/uploads/2025/04/联系客服.png","/static/img/sites/site-0005.png","7304"
"6","https://anyun.online/wp-content/uploads/2025/04/eye.png","/static/img/sites/site-0006.png","4814"
"7","https://t3.gstatic.cn/faviconV2?client=SOCIAL&type=FAVICON&fallback_opts=TYPE,SIZE,URL&size=128&url=https://www.tiktok.com","/static/img/sites/site-0007.png","953"
"8","https://t3.gstatic.cn/faviconV2?client=SOCIAL&type=FAVICON&fallback_opts=TYPE,SIZE,URL&size=128&url=https://seller.tiktokglobalshop.com/account/login","/static/img/sites/site-0008.png","1128"
"9","https://t3.gstatic.cn/faviconV2?client=SOCIAL&type=FAVICON&fallback_opts=TYPE,SIZE,URL&size=128&url=https://www.tiktokshopglobalselling.com/zh-cn","/static/img/sites/site-0009.png","2190"
"10","https://t3.gstatic.cn/faviconV2?client=SOCIAL&type=FAVICON&fallback_opts=TYPE,SIZE,URL&size=128&url=https://mmo.fanczs.com","/static/img/sites/site-0010.png","2190"
"11","https://t3.gstatic.cn/faviconV2?client=SOCIAL&type=FAVICON&fallback_opts=TYPE,SIZE,URL&size=128&url=https://seller.tiktokglobalshop.com/university/home","/static/img/sites/site-0011.png","1128"
"12","https://t3.gstatic.cn/faviconV2?client=SOCIAL&type=FAVICON&fallback_opts=TYPE,SIZE,URL&size=128&url=https://creatormarketplace.tiktok.com","/static/img/sites/site-0012.png","1363"
"13","https://t3.gstatic.cn/faviconV2?client=SOCIAL&type=FAVICON&fallback_opts=TYPE,SIZE,URL&size=128&url=https://www.tiktokforbusinessoutbound.com","/static/img/sites/site-0013.png","2376"
"14","https://t3.gstatic.cn/faviconV2?client=SOCIAL&type=FAVICON&fallback_opts=TYPE,SIZE,URL&size=128&url=https://business.tiktok.com/zh","/static/img/sites/site-0014.png","1363"
"15","https://t3.gstatic.cn/faviconV2?client=SOCIAL&type=FAVICON&fallback_opts=TYPE,SIZE,URL&size=128&url=https://shop.tiktok.com/streamer/welcome","/static/img/sites/site-0015.png","953"
"16","https://t3.gstatic.cn/faviconV2?client=SOCIAL&type=FAVICON&fallback_opts=TYPE,SIZE,URL&size=128&url=https://live-backstage.tiktok.com","/static/img/sites/site-0016.png","1671"
"17","https://anyun.online/wp-content/uploads/2025/04/抖音.png","/static/img/sites/site-0017.png","10783"
"18","https://t3.gstatic.cn/faviconV2?client=SOCIAL&type=FAVICON&fallback_opts=TYPE,SIZE,URL&size=128&url=https://seller.tiktokglobalshop.com/account/register","/static/img/sites/site-0018.png","1128"
"19","https://t3.gstatic.cn/faviconV2?client=SOCIAL&type=FAVICON&fallback_opts=TYPE,SIZE,URL&size=128&url=https://seller-us-accounts.tiktok.com/account/accu/register","/static/img/sites/site-0019.png","1128"
"20","https://t3.gstatic.cn/faviconV2?client=SOCIAL&type=FAVICON&fallback_opts=TYPE,SIZE,URL&size=128&url=https://mmo.fanczs.com/account/register","/static/img/sites/site-0020.png","1128"
"21","https://anyun.online/wp-content/uploads/2025/04/美国国旗.png","/static/img/sites/site-0021.png","13782"
"22","https://anyun.online/wp-content/uploads/2025/04/墨西哥.png","/static/img/sites/site-0022.png","13430"
"23","https://anyun.online/wp-content/uploads/2025/04/英国.png","/static/img/sites/site-0023.png","11330"
"24","https://anyun.online/wp-content/uploads/2025/04/德国.png","/static/img/sites/site-0024.png","5087"
"25","https://anyun.online/wp-content/uploads/2025/04/法国.png","/static/img/sites/site-0025.png","6757"
"26","https://anyun.online/wp-content/uploads/2025/04/意大利.png","/static/img/sites/site-0026.png","5934"
"27","https://anyun.online/wp-content/uploads/2025/04/西班牙.png","/static/img/sites/site-0027.png","13434"
"28","https://anyun.online/wp-content/uploads/2025/04/爱尔兰.png","/static/img/sites/site-0028.png","5864"
"29","https://anyun.online/wp-content/uploads/2025/04/马来西亚.png","/static/img/sites/site-0029.png","7594"
"30","https://anyun.online/wp-content/uploads/2025/04/菲律宾.png","/static/img/sites/site-0030.png","9988"
"31","https://anyun.online/wp-content/uploads/2025/04/泰国.png","/static/img/sites/site-0031.png","6135"
"32","https://anyun.online/wp-content/uploads/2025/04/印度尼西亚.png","/static/img/sites/site-0032.png","5829"
"33","https://anyun.online/wp-content/uploads/2025/04/越南.png","/static/img/sites/site-0033.png","7253"
"34","https://anyun.online/wp-content/uploads/2025/04/新加坡.png","/static/img/sites/site-0034.png","8620"
"35","https://t3.gstatic.cn/faviconV2?client=SOCIAL&type=FAVICON&fallback_opts=TYPE,SIZE,URL&size=128&url=https://ads.tiktok.com/business/creativecenter/top-products/pc/zh","/static/img/sites/site-0035.png","1363"
"36","https://t3.gstatic.cn/faviconV2?client=SOCIAL&type=FAVICON&fallback_opts=TYPE,SIZE,URL&size=128&url=https://ads.tiktok.com/business/creativecenter/keyword-insights/pc/zh","/static/img/sites/site-0036.png","1363"
"39","https://t3.gstatic.cn/faviconV2?client=SOCIAL&type=FAVICON&fallback_opts=TYPE,SIZE,URL&size=128&url=https://cn.piliapp.com/time-now","/static/img/sites/site-0039.png","6553"
"40","https://t3.gstatic.cn/faviconV2?client=SOCIAL&type=FAVICON&fallback_opts=TYPE,SIZE,URL&size=128&url=https://www.dhl.com/discover/zh-cn/e-commerce-advice/e-commerce-trends/e-commerce-marketing-calendar-2025","/static/img/sites/site-0040.png","3806"
"41","https://t3.gstatic.cn/faviconV2?client=SOCIAL&type=FAVICON&fallback_opts=TYPE,SIZE,URL&size=128&url=https://www.waihui321.com","/static/img/sites/site-0041.png","5934"
"42","https://t3.gstatic.cn/faviconV2?client=SOCIAL&type=FAVICON&fallback_opts=TYPE,SIZE,URL&size=128&url=https://www.jyshare.com/danwei","/static/img/sites/site-0042.png","710"
"43","https://t3.gstatic.cn/faviconV2?client=SOCIAL&type=FAVICON&fallback_opts=TYPE,SIZE,URL&size=128&url=https://www.footjoy.com.cn/page/customerservice/convertchart","/static/img/sites/site-0043.png","1061"
"44","https://t3.gstatic.cn/faviconV2?client=SOCIAL&type=FAVICON&fallback_opts=TYPE,SIZE,URL&size=128&url=http://www.daysunlogistics.com.cn/toolbox/shijiekonggangdaima.html","/static/img/sites/site-0044.png","1754"
"45","https://t3.gstatic.cn/faviconV2?client=SOCIAL&type=FAVICON&fallback_opts=TYPE,SIZE,URL&size=128&url=https://cn.online-barcode.com/online-upca-generator","/static/img/sites/site-0045.png","816"
"46","https://t3.gstatic.cn/faviconV2?client=SOCIAL&type=FAVICON&fallback_opts=TYPE,SIZE,URL&size=128&url=https://tiktokhashtags.com","/static/img/sites/site-0046.png","617"
"47","https://t3.gstatic.cn/faviconV2?client=SOCIAL&type=FAVICON&fallback_opts=TYPE,SIZE,URL&size=128&url=https://www.fakespot.com","/static/img/sites/site-0047.png","838"
"50","https://t3.gstatic.cn/faviconV2?client=SOCIAL&type=FAVICON&fallback_opts=TYPE,SIZE,URL&size=128&url=https://www.amz800.com/paypal","/static/img/sites/site-0050.png","663"
"51","https://anyun.online/wp-content/uploads/2025/11/bitbug_favicon-3.ico","/static/img/sites/site-0051.ico","4286"
"52","https://t3.gstatic.cn/faviconV2?client=SOCIAL&type=FAVICON&fallback_opts=TYPE,SIZE,URL&size=128&url=https://www.todesk.com/download.html","/static/img/sites/site-0052.png","382"
"53","https://t3.gstatic.cn/faviconV2?client=SOCIAL&type=FAVICON&fallback_opts=TYPE,SIZE,URL&size=128&url=https://sunlogin.oray.com/download","/static/img/sites/site-0053.png","1721"
"54","https://t3.gstatic.cn/faviconV2?client=SOCIAL&type=FAVICON&fallback_opts=TYPE,SIZE,URL&size=128&url=https://sourceforge.net/projects/v2rayn.mirror/files/7.10.5/v2rayN-windows-64.zip/download","/static/img/sites/site-0054.png","1081"
"55","https://t3.gstatic.cn/faviconV2?client=SOCIAL&type=FAVICON&fallback_opts=TYPE,SIZE,URL&size=128&url=https://github.com/zzzgydi/clash-verge/releases/download/v1.3.8/Clash.Verge_1.3.8_x64_zh-CN.msi","/static/img/sites/site-0055.png","519"
"56","https://t3.gstatic.cn/faviconV2?client=SOCIAL&type=FAVICON&fallback_opts=TYPE,SIZE,URL&size=128&url=https://www.7-zip.org/a/7z2409-x64.exe","/static/img/sites/site-0056.png","157"
"57","https://t3.gstatic.cn/faviconV2?client=SOCIAL&type=FAVICON&fallback_opts=TYPE,SIZE,URL&size=128&url=https://www.bandisoft.com/bandizip","/static/img/sites/site-0057.png","1279"
"58","https://t3.gstatic.cn/faviconV2?client=SOCIAL&type=FAVICON&fallback_opts=TYPE,SIZE,URL&size=128&url=https://www.capcut.cn","/static/img/sites/site-0058.png","1236"
"59","https://t3.gstatic.cn/faviconV2?client=SOCIAL&type=FAVICON&fallback_opts=TYPE,SIZE,URL&size=128&url=https://www.google.com/chrome","/static/img/sites/site-0059.png","2689"
"60","https://t3.gstatic.cn/faviconV2?client=SOCIAL&type=FAVICON&fallback_opts=TYPE,SIZE,URL&size=128&url=https://platform.wps.cn","/static/img/sites/site-0060.png","1326"
"61","https://t3.gstatic.cn/faviconV2?client=SOCIAL&type=FAVICON&fallback_opts=TYPE,SIZE,URL&size=128&url=https://im.qq.com/index","/static/img/sites/site-0061.png","1753"
"62","https://t3.gstatic.cn/faviconV2?client=SOCIAL&type=FAVICON&fallback_opts=TYPE,SIZE,URL&size=128&url=https://weixin.qq.com","/static/img/sites/site-0062.png","827"
"63","https://t3.gstatic.cn/faviconV2?client=SOCIAL&type=FAVICON&fallback_opts=TYPE,SIZE,URL&size=128&url=https://www.feishu.cn/download","/static/img/sites/site-0063.png","1420"
"64","https://t3.gstatic.cn/faviconV2?client=SOCIAL&type=FAVICON&fallback_opts=TYPE,SIZE,URL&size=128&url=https://pan.baidu.com","/static/img/sites/site-0064.png","1463"
"65","https://t3.gstatic.cn/faviconV2?client=SOCIAL&type=FAVICON&fallback_opts=TYPE,SIZE,URL&size=128&url=https://geekuninstaller.com/geek.zip","/static/img/sites/site-0065.png","5242"
"66","https://t3.gstatic.cn/faviconV2?client=SOCIAL&type=FAVICON&fallback_opts=TYPE,SIZE,URL&size=128&url=https://www.amazon.com/gp/bestsellers","/static/img/sites/site-0066.png","1761"
"67","https://t3.gstatic.cn/faviconV2?client=SOCIAL&type=FAVICON&fallback_opts=TYPE,SIZE,URL&size=128&url=https://www.amazon.com/gp/new-releases","/static/img/sites/site-0067.png","1761"
"68","https://t3.gstatic.cn/faviconV2?client=SOCIAL&type=FAVICON&fallback_opts=TYPE,SIZE,URL&size=128&url=https://www.amazon.com/gp/movers-and-shakers","/static/img/sites/site-0068.png","1761"
"69","https://t3.gstatic.cn/faviconV2?client=SOCIAL&type=FAVICON&fallback_opts=TYPE,SIZE,URL&size=128&url=https://trends.google.com","/static/img/sites/site-0069.png","1394"
"70","https://t3.gstatic.cn/faviconV2?client=SOCIAL&type=FAVICON&fallback_opts=TYPE,SIZE,URL&size=128&url=https://www.kickstarter.com","/static/img/sites/site-0070.png","881"
"71","https://t3.gstatic.cn/faviconV2?client=SOCIAL&type=FAVICON&fallback_opts=TYPE,SIZE,URL&size=128&url=https://www.indiegogo.com","/static/img/sites/site-0071.png","805"
"72","https://t3.gstatic.cn/faviconV2?client=SOCIAL&type=FAVICON&fallback_opts=TYPE,SIZE,URL&size=128&url=https://www.speedtest.net","/static/img/sites/site-0072.png","1763"
"73","https://t3.gstatic.cn/faviconV2?client=SOCIAL&type=FAVICON&fallback_opts=TYPE,SIZE,URL&size=128&url=https://www.speedtest.cn","/static/img/sites/site-0073.png","1796"
"74","https://t3.gstatic.cn/faviconV2?client=SOCIAL&type=FAVICON&fallback_opts=TYPE,SIZE,URL&size=128&url=https://fast.com","/static/img/sites/site-0074.png","1887"
"75","https://t3.gstatic.cn/faviconV2?client=SOCIAL&type=FAVICON&fallback_opts=TYPE,SIZE,URL&size=128&url=https://www.yalala.com","/static/img/sites/site-0075.png","1736"
"76","https://t3.gstatic.cn/faviconV2?client=SOCIAL&type=FAVICON&fallback_opts=TYPE,SIZE,URL&size=128&url=https://whoer.net/zh","/static/img/sites/site-0076.png","1967"
"77","https://t3.gstatic.cn/faviconV2?client=SOCIAL&type=FAVICON&fallback_opts=TYPE,SIZE,URL&size=128&url=https://ipinfo.io","/static/img/sites/site-0077.png","1449"
"78","https://t3.gstatic.cn/faviconV2?client=SOCIAL&type=FAVICON&fallback_opts=TYPE,SIZE,URL&size=128&url=https://iphey.com","/static/img/sites/site-0078.png","2001"
"79","https://t3.gstatic.cn/faviconV2?client=SOCIAL&type=FAVICON&fallback_opts=TYPE,SIZE,URL&size=128&url=https://www.ip2proxy.com","/static/img/sites/site-0079.png","790"
"80","https://t3.gstatic.cn/faviconV2?client=SOCIAL&type=FAVICON&fallback_opts=TYPE,SIZE,URL&size=128&url=https://www.deepseek.com","/static/img/sites/site-0080.png","1286"
"81","https://t3.gstatic.cn/faviconV2?client=SOCIAL&type=FAVICON&fallback_opts=TYPE,SIZE,URL&size=128&url=https://chatgpt.com","/static/img/sites/site-0081.png","2232"
"82","https://t3.gstatic.cn/faviconV2?client=SOCIAL&type=FAVICON&fallback_opts=TYPE,SIZE,URL&size=128&url=https://gemini.google.com","/static/img/sites/site-0082.png","2774"
"83","https://t3.gstatic.cn/faviconV2?client=SOCIAL&type=FAVICON&fallback_opts=TYPE,SIZE,URL&size=128&url=https://kimi.moonshot.cn","/static/img/sites/site-0083.png","7004"
"84","https://t3.gstatic.cn/faviconV2?client=SOCIAL&type=FAVICON&fallback_opts=TYPE,SIZE,URL&size=128&url=https://www.doubao.com","/static/img/sites/site-0084.png","4666"
"85","https://t3.gstatic.cn/faviconV2?client=SOCIAL&type=FAVICON&fallback_opts=TYPE,SIZE,URL&size=128&url=https://tongyi.aliyun.com","/static/img/sites/site-0085.png","601"
"86","https://t3.gstatic.cn/faviconV2?client=SOCIAL&type=FAVICON&fallback_opts=TYPE,SIZE,URL&size=128&url=https://yiyan.baidu.com","/static/img/sites/site-0086.png","3590"
"87","https://t3.gstatic.cn/faviconV2?client=SOCIAL&type=FAVICON&fallback_opts=TYPE,SIZE,URL&size=128&url=https://chatglm.cn","/static/img/sites/site-0087.png","2321"
"88","https://t3.gstatic.cn/faviconV2?client=SOCIAL&type=FAVICON&fallback_opts=TYPE,SIZE,URL&size=128&url=https://tinypng.com","/static/img/sites/site-0088.png","6240"
"89","https://t3.gstatic.cn/faviconV2?client=SOCIAL&type=FAVICON&fallback_opts=TYPE,SIZE,URL&size=128&url=https://ezgif.com/resize","/static/img/sites/site-0089.png","5394"
"90","https://t3.gstatic.cn/faviconV2?client=SOCIAL&type=FAVICON&fallback_opts=TYPE,SIZE,URL&size=128&url=https://yasuo.xunjiepdf.com/img","/static/img/sites/site-0090.png","1826"
"91","https://t3.gstatic.cn/faviconV2?client=SOCIAL&type=FAVICON&fallback_opts=TYPE,SIZE,URL&size=128&url=https://imagecompressor.com/zh","/static/img/sites/site-0091.png","2173"
"92","https://t3.gstatic.cn/faviconV2?client=SOCIAL&type=FAVICON&fallback_opts=TYPE,SIZE,URL&size=128&url=https://bigjpg.com","/static/img/sites/site-0092.png","4576"
"93","https://t3.gstatic.cn/faviconV2?client=SOCIAL&type=FAVICON&fallback_opts=TYPE,SIZE,URL&size=128&url=https://imglarger.com","/static/img/sites/site-0093.png","1408"
"94","https://t3.gstatic.cn/faviconV2?client=SOCIAL&type=FAVICON&fallback_opts=TYPE,SIZE,URL&size=128&url=https://www.remove.bg/zh","/static/img/sites/site-0094.png","1260"
"95","https://t3.gstatic.cn/faviconV2?client=SOCIAL&type=FAVICON&fallback_opts=TYPE,SIZE,URL&size=128&url=http://www.zuohaotu.com/image-add-watermark.aspx","/static/img/sites/site-0095.png","3993"
"96","https://t3.gstatic.cn/faviconV2?client=SOCIAL&type=FAVICON&fallback_opts=TYPE,SIZE,URL&size=128&url=https://www.hubstudio.com","/static/img/sites/site-0096.png","336"
"97","https://t3.gstatic.cn/faviconV2?client=SOCIAL&type=FAVICON&fallback_opts=TYPE,SIZE,URL&size=128&url=https://www.tikclubs.com","/static/img/sites/site-0097.png","1426"
"98","https://t3.gstatic.cn/faviconV2?client=SOCIAL&type=FAVICON&fallback_opts=TYPE,SIZE,URL&size=128&url=https://woniu.video","/static/img/sites/site-0098.png","2553"
"99","https://t3.gstatic.cn/faviconV2?client=SOCIAL&type=FAVICON&fallback_opts=TYPE,SIZE,URL&size=128&url=https://www.wotohub.com","/static/img/sites/site-0099.png","1111"
"100","https://t3.gstatic.cn/faviconV2?client=SOCIAL&type=FAVICON&fallback_opts=TYPE,SIZE,URL&size=128&url=https://www.fastmoss.com","/static/img/sites/site-0100.png","4739"
"101","https://t3.gstatic.cn/faviconV2?client=SOCIAL&type=FAVICON&fallback_opts=TYPE,SIZE,URL&size=128&url=https://www.designkit.com","/static/img/sites/site-0101.png","1365"
"102","https://t3.gstatic.cn/faviconV2?client=SOCIAL&type=FAVICON&fallback_opts=TYPE,SIZE,URL&size=128&url=https://echotik.live","/static/img/sites/site-0102.png","1175"
"104","https://t3.gstatic.cn/faviconV2?client=SOCIAL&type=FAVICON&fallback_opts=TYPE,SIZE,URL&size=128&url=https://www.gloda.vip","/static/img/sites/site-0104.png","1478"
"105","https://t3.gstatic.cn/faviconV2?client=SOCIAL&type=FAVICON&fallback_opts=TYPE,SIZE,URL&size=128&url=https://www.pingdashi.com","/static/img/sites/site-0105.png","7598"
"106","https://t3.gstatic.cn/faviconV2?client=SOCIAL&type=FAVICON&fallback_opts=TYPE,SIZE,URL&size=128&url=https://www.chuhaijiang.com","/static/img/sites/site-0106.png","3697"
"110","https://t3.gstatic.cn/faviconV2?client=SOCIAL&type=FAVICON&fallback_opts=TYPE,SIZE,URL&size=128&url=https://www.pipiads.com/zh","/static/img/sites/site-0110.png","972"
"111","https://t3.gstatic.cn/faviconV2?client=SOCIAL&type=FAVICON&fallback_opts=TYPE,SIZE,URL&size=128&url=https://musicaldown.com/en","/static/img/sites/site-0111.png","673"
"112","https://t3.gstatic.cn/faviconV2?client=SOCIAL&type=FAVICON&fallback_opts=TYPE,SIZE,URL&size=128&url=https://www.onlinedown.net/soft/1223337.htm","/static/img/sites/site-0112.png","478"
"113","https://t3.gstatic.cn/faviconV2?client=SOCIAL&type=FAVICON&fallback_opts=TYPE,SIZE,URL&size=128&url=https://www.capcut.cn","/static/img/sites/site-0113.png","1236"
"114","https://t3.gstatic.cn/faviconV2?client=SOCIAL&type=FAVICON&fallback_opts=TYPE,SIZE,URL&size=128&url=https://www.ijianji.com","/static/img/sites/site-0114.png","3469"
"115","https://t3.gstatic.cn/faviconV2?client=SOCIAL&type=FAVICON&fallback_opts=TYPE,SIZE,URL&size=128&url=https://miao.wondershare.cn","/static/img/sites/site-0115.png","3026"
"116","https://t3.gstatic.cn/faviconV2?client=SOCIAL&type=FAVICON&fallback_opts=TYPE,SIZE,URL&size=128&url=https://cn.jollytoday.com","/static/img/sites/site-0116.png","2769"
"117","https://t3.gstatic.cn/faviconV2?client=SOCIAL&type=FAVICON&fallback_opts=TYPE,SIZE,URL&size=128&url=https://peiyin.xunfei.cn","/static/img/sites/site-0117.png","1406"
"118","https://t3.gstatic.cn/faviconV2?client=SOCIAL&type=FAVICON&fallback_opts=TYPE,SIZE,URL&size=128&url=https://www.soundems.com","/static/img/sites/site-0118.png","590"
"120","https://t3.gstatic.cn/faviconV2?client=SOCIAL&type=FAVICON&fallback_opts=TYPE,SIZE,URL&size=128&url=https://dropship.mydepot.com","/static/img/sites/site-0120.png","1730"
"121","https://t3.gstatic.cn/faviconV2?client=SOCIAL&type=FAVICON&fallback_opts=TYPE,SIZE,URL&size=128&url=https://www.alibaba.com","/static/img/sites/site-0121.png","1465"
"122","https://t3.gstatic.cn/faviconV2?client=SOCIAL&type=FAVICON&fallback_opts=TYPE,SIZE,URL&size=128&url=https://cn.made-in-china.com","/static/img/sites/site-0122.png","464"
"125","https://t3.gstatic.cn/faviconV2?client=SOCIAL&type=FAVICON&fallback_opts=TYPE,SIZE,URL&size=128&url=https://www.saleyee.cn","/static/img/sites/site-0125.png","1535"
"126","https://t3.gstatic.cn/faviconV2?client=SOCIAL&type=FAVICON&fallback_opts=TYPE,SIZE,URL&size=128&url=https://www.mixsss.com","/static/img/sites/site-0126.png","986"
"128","https://t3.gstatic.cn/faviconV2?client=SOCIAL&type=FAVICON&fallback_opts=TYPE,SIZE,URL&size=128&url=https://www.17qcc.com","/static/img/sites/site-0128.png","2130"
"129","https://t3.gstatic.cn/faviconV2?client=SOCIAL&type=FAVICON&fallback_opts=TYPE,SIZE,URL&size=128&url=https://www.cjdropshipping.com","/static/img/sites/site-0129.png","2448"
"130","https://t3.gstatic.cn/faviconV2?client=SOCIAL&type=FAVICON&fallback_opts=TYPE,SIZE,URL&size=128&url=https://www.doba.com","/static/img/sites/site-0130.png","2236"
"131","https://t3.gstatic.cn/faviconV2?client=SOCIAL&type=FAVICON&fallback_opts=TYPE,SIZE,URL&size=128&url=https://www.oberlo.com","/static/img/sites/site-0131.png","1014"
"133","https://t3.gstatic.cn/faviconV2?client=SOCIAL&type=FAVICON&fallback_opts=TYPE,SIZE,URL&size=128&url=https://www.vvic.com","/static/img/sites/site-0133.png","1178"
"135","https://t3.gstatic.cn/faviconV2?client=SOCIAL&type=FAVICON&fallback_opts=TYPE,SIZE,URL&size=128&url=https://honlylink.com","/static/img/sites/site-0135.png","1074"
"136","https://t3.gstatic.cn/faviconV2?client=SOCIAL&type=FAVICON&fallback_opts=TYPE,SIZE,URL&size=128&url=https://www.crossbetter.com","/static/img/sites/site-0136.png","2459"
"137","https://t3.gstatic.cn/faviconV2?client=SOCIAL&type=FAVICON&fallback_opts=TYPE,SIZE,URL&size=128&url=https://www.gowinexpress.com","/static/img/sites/site-0137.png","1776"
"138","https://t3.gstatic.cn/faviconV2?client=SOCIAL&type=FAVICON&fallback_opts=TYPE,SIZE,URL&size=128&url=https://www.doucang.com.cn","/static/img/sites/site-0138.png","2338"
"140","https://t3.gstatic.cn/faviconV2?client=SOCIAL&type=FAVICON&fallback_opts=TYPE,SIZE,URL&size=128&url=https://zhisucang.com","/static/img/sites/site-0140.png","707"
"141","https://t3.gstatic.cn/faviconV2?client=SOCIAL&type=FAVICON&fallback_opts=TYPE,SIZE,URL&size=128&url=https://www.goluckyvip.com","/static/img/sites/site-0141.png","1696"
"142","https://t3.gstatic.cn/faviconV2?client=SOCIAL&type=FAVICON&fallback_opts=TYPE,SIZE,URL&size=128&url=https://seaya.cn","/static/img/sites/site-0142.png","1248"
"143","https://t3.gstatic.cn/faviconV2?client=SOCIAL&type=FAVICON&fallback_opts=TYPE,SIZE,URL&size=128&url=http://www.welogistics.cn","/static/img/sites/site-0143.png","6307"
"144","https://t3.gstatic.cn/faviconV2?client=SOCIAL&type=FAVICON&fallback_opts=TYPE,SIZE,URL&size=128&url=http://dmyc1688.com","/static/img/sites/site-0144.png","4896"
"145","https://t3.gstatic.cn/faviconV2?client=SOCIAL&type=FAVICON&fallback_opts=TYPE,SIZE,URL&size=128&url=https://www.ydhex.com","/static/img/sites/site-0145.png","1389"
"148","https://t3.gstatic.cn/faviconV2?client=SOCIAL&type=FAVICON&fallback_opts=TYPE,SIZE,URL&size=128&url=https://smspva.com/?ref=1025212","/static/img/sites/site-0148.png","591"
"149","https://t3.gstatic.cn/faviconV2?client=SOCIAL&type=FAVICON&fallback_opts=TYPE,SIZE,URL&size=128&url=https://5sim.net/zh","/static/img/sites/site-0149.png","1086"
"150","https://t3.gstatic.cn/faviconV2?client=SOCIAL&type=FAVICON&fallback_opts=TYPE,SIZE,URL&size=128&url=https://sms-man.com/cn?ref=6SqNNaHWqTql","/static/img/sites/site-0150.png","1299"
"152","https://t3.gstatic.cn/faviconV2?client=SOCIAL&type=FAVICON&fallback_opts=TYPE,SIZE,URL&size=128&url=https://smspool.net/?r=pCgKj3HMYM","/static/img/sites/site-0152.png","1353"
"153","https://t3.gstatic.cn/faviconV2?client=SOCIAL&type=FAVICON&fallback_opts=TYPE,SIZE,URL&size=128&url=https://tiger-sms.com/?ref=509208","/static/img/sites/site-0153.png","649"
"154","https://t3.gstatic.cn/faviconV2?client=SOCIAL&type=FAVICON&fallback_opts=TYPE,SIZE,URL&size=128&url=https://onlinesim.io/?bref=7576940","/static/img/sites/site-0154.png","1901"
"156","https://t3.gstatic.cn/faviconV2?client=SOCIAL&type=FAVICON&fallback_opts=TYPE,SIZE,URL&size=128&url=https://www.worldfirst.com.cn","/static/img/sites/site-0156.png","1856"
"157","https://t3.gstatic.cn/faviconV2?client=SOCIAL&type=FAVICON&fallback_opts=TYPE,SIZE,URL&size=128&url=https://www.payoneer.com/zh-hans","/static/img/sites/site-0157.png","3467"
"158","https://t3.gstatic.cn/faviconV2?client=SOCIAL&type=FAVICON&fallback_opts=TYPE,SIZE,URL&size=128&url=https://www.antom.com/cn","/static/img/sites/site-0158.png","865"
"159","https://t3.gstatic.cn/faviconV2?client=SOCIAL&type=FAVICON&fallback_opts=TYPE,SIZE,URL&size=128&url=https://global.lianlianpay.com","/static/img/sites/site-0159.png","176"
"160","https://t3.gstatic.cn/faviconV2?client=SOCIAL&type=FAVICON&fallback_opts=TYPE,SIZE,URL&size=128&url=https://pyvio.com","/static/img/sites/site-0160.png","3494"
"161","https://t3.gstatic.cn/faviconV2?client=SOCIAL&type=FAVICON&fallback_opts=TYPE,SIZE,URL&size=128&url=https://www.ksher.cn","/static/img/sites/site-0161.png","1988"
"162","https://t3.gstatic.cn/faviconV2?client=SOCIAL&type=FAVICON&fallback_opts=TYPE,SIZE,URL&size=128&url=https://cn.sunrate.com","/static/img/sites/site-0162.png","402"
"163","https://t3.gstatic.cn/faviconV2?client=SOCIAL&type=FAVICON&fallback_opts=TYPE,SIZE,URL&size=128&url=https://erp.91miaoshou.com","/static/img/sites/site-0163.png","3204"
"165","https://t3.gstatic.cn/faviconV2?client=SOCIAL&type=FAVICON&fallback_opts=TYPE,SIZE,URL&size=128&url=https://www.dianxiaomi.com","/static/img/sites/site-0165.png","1451"
"167","https://t3.gstatic.cn/faviconV2?client=SOCIAL&type=FAVICON&fallback_opts=TYPE,SIZE,URL&size=128&url=https://www.bigseller.com","/static/img/sites/site-0167.png","1047"
"168","https://t3.gstatic.cn/faviconV2?client=SOCIAL&type=FAVICON&fallback_opts=TYPE,SIZE,URL&size=128&url=https://www.ushopbi.com","/static/img/sites/site-0168.png","836"
"170","https://t3.gstatic.cn/faviconV2?client=SOCIAL&type=FAVICON&fallback_opts=TYPE,SIZE,URL&size=128&url=https://www.banmaerp.com","/static/img/sites/site-0170.png","610"
"172","https://t3.gstatic.cn/faviconV2?client=SOCIAL&type=FAVICON&fallback_opts=TYPE,SIZE,URL&size=128&url=https://www.wxwerp.com","/static/img/sites/site-0172.png","1516"
"173","https://t3.gstatic.cn/faviconV2?client=SOCIAL&type=FAVICON&fallback_opts=TYPE,SIZE,URL&size=128&url=https://mail.qq.com","/static/img/sites/site-0173.png","5630"
"174","https://t3.gstatic.cn/faviconV2?client=SOCIAL&type=FAVICON&fallback_opts=TYPE,SIZE,URL&size=128&url=https://mail.google.com","/static/img/sites/site-0174.png","2010"
"175","https://t3.gstatic.cn/faviconV2?client=SOCIAL&type=FAVICON&fallback_opts=TYPE,SIZE,URL&size=128&url=https://outlook.com","/static/img/sites/site-0175.png","3194"
"176","https://t3.gstatic.cn/faviconV2?client=SOCIAL&type=FAVICON&fallback_opts=TYPE,SIZE,URL&size=128&url=https://mail.yahoo.com","/static/img/sites/site-0176.png","402"
"177","https://t3.gstatic.cn/faviconV2?client=SOCIAL&type=FAVICON&fallback_opts=TYPE,SIZE,URL&size=128&url=https://www.icloud.com/mail","/static/img/sites/site-0177.png","2269"
"178","https://t3.gstatic.cn/faviconV2?client=SOCIAL&type=FAVICON&fallback_opts=TYPE,SIZE,URL&size=128&url=https://360.yandex.com/mail","/static/img/sites/site-0178.png","6663"
"179","https://t3.gstatic.cn/faviconV2?client=SOCIAL&type=FAVICON&fallback_opts=TYPE,SIZE,URL&size=128&url=https://www.fastmail.com","/static/img/sites/site-0179.png","2175"
"180","https://t3.gstatic.cn/faviconV2?client=SOCIAL&type=FAVICON&fallback_opts=TYPE,SIZE,URL&size=128&url=https://www.gmx.com/mail","/static/img/sites/site-0180.png","1285"
"182","https://t3.gstatic.cn/faviconV2?client=SOCIAL&type=FAVICON&fallback_opts=TYPE,SIZE,URL&size=128&url=http://tmsearch.uspto.gov","/static/img/sites/site-0182.png","1290"
"183","https://t3.gstatic.cn/faviconV2?client=SOCIAL&type=FAVICON&fallback_opts=TYPE,SIZE,URL&size=128&url=https://ppubs.uspto.gov/pubwebapp/static/pages/landing.html","/static/img/sites/site-0183.png","1290"
"184","https://t3.gstatic.cn/faviconV2?client=SOCIAL&type=FAVICON&fallback_opts=TYPE,SIZE,URL&size=128&url=https://www.copyright.gov","/static/img/sites/site-0184.png","2363"
"185","https://t3.gstatic.cn/faviconV2?client=SOCIAL&type=FAVICON&fallback_opts=TYPE,SIZE,URL&size=128&url=https://www.euipo.europa.eu/en","/static/img/sites/site-0185.png","6177"
"186","https://t3.gstatic.cn/faviconV2?client=SOCIAL&type=FAVICON&fallback_opts=TYPE,SIZE,URL&size=128&url=https://www.epo.org/en/searching-for-patents","/static/img/sites/site-0186.png","117"
"187","https://t3.gstatic.cn/faviconV2?client=SOCIAL&type=FAVICON&fallback_opts=TYPE,SIZE,URL&size=128&url=https://www.gov.uk/government/organisations/intellectual-property-office","/static/img/sites/site-0187.png","1971"
"188","https://t3.gstatic.cn/faviconV2?client=SOCIAL&type=FAVICON&fallback_opts=TYPE,SIZE,URL&size=128&url=https://www.gov.uk/search-for-patent","/static/img/sites/site-0188.png","1971"
"189","https://t3.gstatic.cn/faviconV2?client=SOCIAL&type=FAVICON&fallback_opts=TYPE,SIZE,URL&size=128&url=http://www.jpo.go.jp","/static/img/sites/site-0189.png","2333"
"190","https://t3.gstatic.cn/faviconV2?client=SOCIAL&type=FAVICON&fallback_opts=TYPE,SIZE,URL&size=128&url=https://www.j-platpat.inpit.go.jp","/static/img/sites/site-0190.png","970"
"193","https://t3.gstatic.cn/faviconV2?client=SOCIAL&type=FAVICON&fallback_opts=TYPE,SIZE,URL&size=128&url=https://pss-system.cponline.cnipa.gov.cn/conventionalSearch","/static/img/sites/site-0193.png","2274"
"194","https://t3.gstatic.cn/faviconV2?client=SOCIAL&type=FAVICON&fallback_opts=TYPE,SIZE,URL&size=128&url=https://www.google.com/?tbm=pts&gws_rd=ssl","/static/img/sites/site-0194.png","2689"
"195","https://t3.gstatic.cn/faviconV2?client=SOCIAL&type=FAVICON&fallback_opts=TYPE,SIZE,URL&size=128&url=https://worldwide.espacenet.com","/static/img/sites/site-0195.png","461"
"196","https://t3.gstatic.cn/faviconV2?client=SOCIAL&type=FAVICON&fallback_opts=TYPE,SIZE,URL&size=128&url=http://www.trademarkia.com/TradeMarkia","/static/img/sites/site-0196.png","1169"
"197","https://t3.gstatic.cn/faviconV2?client=SOCIAL&type=FAVICON&fallback_opts=TYPE,SIZE,URL&size=128&url=https://www.wipo.int/portal/zh","/static/img/sites/site-0197.png","6575"
"198","https://t3.gstatic.cn/faviconV2?client=SOCIAL&type=FAVICON&fallback_opts=TYPE,SIZE,URL&size=128&url=https://www.tiktok.com","/static/img/sites/site-0198.png","953"
"199","https://t3.gstatic.cn/faviconV2?client=SOCIAL&type=FAVICON&fallback_opts=TYPE,SIZE,URL&size=128&url=https://www.youtube.com","/static/img/sites/site-0199.png","794"
"200","https://t3.gstatic.cn/faviconV2?client=SOCIAL&type=FAVICON&fallback_opts=TYPE,SIZE,URL&size=128&url=https://x.com","/static/img/sites/site-0200.png","336"
"201","https://t3.gstatic.cn/faviconV2?client=SOCIAL&type=FAVICON&fallback_opts=TYPE,SIZE,URL&size=128&url=https://web.telegram.org","/static/img/sites/site-0201.png","3176"
"202","https://t3.gstatic.cn/faviconV2?client=SOCIAL&type=FAVICON&fallback_opts=TYPE,SIZE,URL&size=128&url=https://www.facebook.com","/static/img/sites/site-0202.png","1705"
"203","https://t3.gstatic.cn/faviconV2?client=SOCIAL&type=FAVICON&fallback_opts=TYPE,SIZE,URL&size=128&url=https://www.instagram.com","/static/img/sites/site-0203.png","8100"
"204","https://t3.gstatic.cn/faviconV2?client=SOCIAL&type=FAVICON&fallback_opts=TYPE,SIZE,URL&size=128&url=https://www.snapchat.com","/static/img/sites/site-0204.png","1766"
"205","https://t3.gstatic.cn/faviconV2?client=SOCIAL&type=FAVICON&fallback_opts=TYPE,SIZE,URL&size=128&url=https://vk.com","/static/img/sites/site-0205.png","1110"
"206","https://t3.gstatic.cn/faviconV2?client=SOCIAL&type=FAVICON&fallback_opts=TYPE,SIZE,URL&size=128&url=https://myspace.com","/static/img/sites/site-0206.png","1226"
"207","https://t3.gstatic.cn/faviconV2?client=SOCIAL&type=FAVICON&fallback_opts=TYPE,SIZE,URL&size=128&url=https://www.tumblr.com","/static/img/sites/site-0207.png","1338"
"208","https://t3.gstatic.cn/faviconV2?client=SOCIAL&type=FAVICON&fallback_opts=TYPE,SIZE,URL&size=128&url=https://discord.com","/static/img/sites/site-0208.png","1306"
"209","https://t3.gstatic.cn/faviconV2?client=SOCIAL&type=FAVICON&fallback_opts=TYPE,SIZE,URL&size=128&url=https://web.whatsapp.com","/static/img/sites/site-0209.png","3140"
"210","https://t3.gstatic.cn/faviconV2?client=SOCIAL&type=FAVICON&fallback_opts=TYPE,SIZE,URL&size=128&url=https://www.line.me/tw","/static/img/sites/site-0210.png","1511"
"211","https://t3.gstatic.cn/faviconV2?client=SOCIAL&type=FAVICON&fallback_opts=TYPE,SIZE,URL&size=128&url=https://www.kakaocorp.com","/static/img/sites/site-0211.png","398"
"212","https://anyun.online/wp-content/uploads/2025/04/美国国旗.png","/static/img/sites/site-0212.png","13782"
"213","https://anyun.online/wp-content/uploads/2025/04/英国.png","/static/img/sites/site-0213.png","11330"
"214","https://anyun.online/wp-content/uploads/2025/04/德国.png","/static/img/sites/site-0214.png","5087"
"215","https://anyun.online/wp-content/uploads/2025/04/法国.png","/static/img/sites/site-0215.png","6757"
"216","https://anyun.online/wp-content/uploads/2025/04/意大利.png","/static/img/sites/site-0216.png","5934"
"217","https://anyun.online/wp-content/uploads/2025/04/西班牙.png","/static/img/sites/site-0217.png","13434"
"218","https://anyun.online/wp-content/uploads/2025/04/菲律宾.png","/static/img/sites/site-0218.png","9988"
"219","https://anyun.online/wp-content/uploads/2025/04/马来西亚.png","/static/img/sites/site-0219.png","7594"
"220","https://anyun.online/wp-content/uploads/2025/04/泰国.png","/static/img/sites/site-0220.png","6135"
"221","https://anyun.online/wp-content/uploads/2025/04/印度尼西亚.png","/static/img/sites/site-0221.png","5829"
"222","https://anyun.online/wp-content/uploads/2025/04/越南.png","/static/img/sites/site-0222.png","7253"
"223","https://anyun.online/wp-content/uploads/2025/04/中国.png","/static/img/sites/site-0223.png","16196"
"224","https://anyun.online/wp-content/uploads/2025/04/新加坡.png","/static/img/sites/site-0224.png","8620"
"225","https://t3.gstatic.cn/faviconV2?client=SOCIAL&type=FAVICON&fallback_opts=TYPE,SIZE,URL&size=128&url=https://seller.shopee.cn/account/signin","/static/img/sites/site-0225.png","912"
"226","https://anyun.online/wp-content/uploads/2025/04/菲律宾.png","/static/img/sites/site-0226.png","9988"
"227","https://anyun.online/wp-content/uploads/2025/04/马来西亚.png","/static/img/sites/site-0227.png","7594"
"228","https://anyun.online/wp-content/uploads/2025/04/泰国.png","/static/img/sites/site-0228.png","6135"
"229","https://anyun.online/wp-content/uploads/2025/04/印度尼西亚.png","/static/img/sites/site-0229.png","5829"
"230","https://anyun.online/wp-content/uploads/2025/04/越南.png","/static/img/sites/site-0230.png","7253"
"231","https://anyun.online/wp-content/uploads/2025/04/新加坡.png","/static/img/sites/site-0231.png","8620"
"232","https://t3.gstatic.cn/faviconV2?client=SOCIAL&type=FAVICON&fallback_opts=TYPE,SIZE,URL&size=128&url=https://gsp.lazada-seller.cn/page/login","/static/img/sites/site-0232.png","647"
